Plant_ID,Species,Height_cm,Leaf_Count,Flower_Color,Chlorophyll_Content,Biomass_g,Root_Length_cm
PLT_0001,Verdanta minima,57.5,48,Red,27.05,161.3,23.2
PLT_0002,Plantus robusta,47.9,44,White,26.54,174.3,20.1
PLT_0003,Plantus delicata,59.7,15,Blue,26.17,130.5,12.5
PLT_0004,Plantus delicata,72.8,7,Purple,42.66,173.2,25.2
PLT_0005,Verdanta minima,46.5,10,Yellow,26.24,183.3,4.4
PLT_0006,Verdanta minima,46.5,13,Yellow,26.8,208.0,18.1
PLT_0007,Herba variabilis,73.7,10,Red,38.98,152.1,15.7
PLT_0008,Plantus robusta,61.5,13,Red,31.24,130.8,22.6
PLT_0009,Flora maxima,43.0,43,Purple,39.42,119.9,22.9
PLT_0010,Plantus robusta,58.1,35,Blue,21.63,116.9,34.6
PLT_0011,Plantus delicata,43.0,36,White,32.19,187.5,40.8
PLT_0012,Flora maxima,43.0,45,White,20.84,104.5,13.8
PLT_0013,Plantus robusta,53.6,16,Blue,21.57,186.5,44.9
PLT_0014,Plantus robusta,21.3,12,Red,42.66,123.9,17.2
PLT_0015,Verdanta minima,24.1,12,White,23.48,129.4,26.7
PLT_0016,Flora maxima,41.6,32,Yellow,33.31,145.5,30.1
PLT_0017,Plantus delicata,34.8,24,Red,30.28,128.9,49.4
PLT_0018,Flora maxima,54.7,11,Blue,28.68,178.0,19.6
PLT_0019,Herba variabilis,36.4,15,Red,42.5,204.4,7.0
PLT_0020,Plantus robusta,28.8,24,White,20.55,130.3,39.9
PLT_0021,Herba variabilis,72.0,20,Yellow,36.59,137.0,16.7
PLT_0022,Verdanta minima,46.6,8,Yellow,44.08,145.1,21.4
PLT_0023,Plantus delicata,51.0,10,Purple,34.0,166.2,13.8
PLT_0024,Plantus robusta,28.6,26,Yellow,43.42,145.4,21.4
PLT_0025,Herba variabilis,41.8,30,Red,21.31,191.6,16.6
PLT_0026,Plantus delicata,51.7,7,Purple,30.47,184.4,31.8
PLT_0027,Plantus robusta,32.7,45,Red,26.5,114.4,25.8
PLT_0028,Plantus robusta,55.6,46,Purple,38.27,165.6,18.2
PLT_0029,Herba variabilis,41.0,18,Red,44.53,195.6,35.0
PLT_0030,Verdanta minima,45.6,15,Red,26.41,135.2,27.5
PLT_0031,Herba variabilis,41.0,22,Yellow,36.35,141.2,6.5
PLT_0032,Verdanta minima,77.8,16,Red,24.95,134.2,34.2
PLT_0033,Flora maxima,49.8,27,White,34.13,134.8,26.8
PLT_0034,Herba variabilis,34.1,16,Red,31.6,99.9,38.9
PLT_0035,Plantus delicata,62.3,17,Red,44.3,110.2,26.2
PLT_0036,Flora maxima,31.7,29,White,35.21,152.3,17.1
PLT_0037,Herba variabilis,53.1,49,Yellow,28.74,195.4,23.0
PLT_0038,Verdanta minima,20.6,23,Yellow,22.85,131.6,33.0
PLT_0039,Herba variabilis,30.1,40,Red,23.78,130.7,17.3
PLT_0040,Flora maxima,53.0,49,Red,25.63,201.0,20.6
PLT_0041,Verdanta minima,61.1,12,White,26.27,116.8,22.8
PLT_0042,Plantus robusta,52.6,33,Blue,41.27,100.2,13.5
PLT_0043,Plantus delicata,48.3,36,White,34.03,125.1,17.4
PLT_0044,Plantus delicata,45.5,48,Blue,33.08,130.1,26.7
PLT_0045,Plantus robusta,27.8,22,White,22.87,97.6,37.0
PLT_0046,Plantus delicata,39.2,10,Blue,41.5,146.2,28.2
PLT_0047,Plantus robusta,43.1,22,Red,38.07,178.5,24.5
PLT_0048,Plantus delicata,65.9,23,Blue,21.69,111.4,16.7
PLT_0049,Verdanta minima,55.2,26,Purple,37.7,152.6,36.0
PLT_0050,Plantus delicata,23.6,41,Red,33.59,161.9,29.3
PLT_0051,Plantus delicata,54.9,36,White,22.04,147.5,17.9
PLT_0052,Plantus delicata,44.2,45,Purple,31.46,155.6,34.0
PLT_0053,Plantus delicata,39.8,7,Blue,32.12,155.9,30.6
PLT_0054,Herba variabilis,59.2,32,Blue,24.14,125.6,16.9
PLT_0055,Verdanta minima,65.5,14,Purple,43.64,195.0,24.0
PLT_0056,Verdanta minima,64.0,39,Red,41.25,187.4,20.1
PLT_0057,Plantus robusta,37.4,33,Blue,36.73,185.7,51.3
PLT_0058,Verdanta minima,45.4,19,Blue,31.56,180.4,30.3
PLT_0059,Plantus robusta,55.0,37,White,30.29,102.8,26.9
PLT_0060,Plantus delicata,64.6,11,Blue,36.27,177.8,29.7
PLT_0061,Herba variabilis,42.8,16,Purple,33.64,169.7,38.8
PLT_0062,Verdanta minima,47.2,34,Red,21.56,103.9,24.2
PLT_0063,Flora maxima,33.4,25,Red,32.81,143.6,19.1
PLT_0064,Verdanta minima,32.1,35,White,40.16,158.3,33.4
PLT_0065,Herba variabilis,62.2,28,Red,31.48,199.9,23.3
PLT_0066,Verdanta minima,70.3,24,Yellow,21.3,171.7,14.3
PLT_0067,Plantus delicata,48.9,41,White,39.66,124.1,12.4
PLT_0068,Plantus robusta,65.1,8,Blue,25.03,200.9,40.3
PLT_0069,Plantus delicata,55.4,32,Yellow,26.47,151.3,26.3
PLT_0070,Plantus delicata,40.3,48,Purple,24.12,142.3,19.1
PLT_0071,Plantus delicata,55.4,24,Blue,28.26,140.2,22.7
PLT_0072,Herba variabilis,73.1,28,Blue,38.92,101.3,33.1
PLT_0073,Herba variabilis,49.5,36,White,32.98,146.7,22.1
PLT_0074,Plantus delicata,73.5,45,Red,25.12,164.9,10.5
PLT_0075,Verdanta minima,10.7,40,White,41.95,138.4,28.3
PLT_0076,Plantus delicata,62.3,38,Purple,41.99,162.6,37.1
PLT_0077,Herba variabilis,51.3,40,White,41.76,124.1,36.4
PLT_0078,Flora maxima,45.5,6,White,25.97,145.8,19.4
PLT_0079,Plantus delicata,51.4,19,White,31.28,159.5,37.7
PLT_0080,Plantus delicata,20.2,38,Yellow,44.62,155.7,27.1
PLT_0081,Flora maxima,46.7,40,Blue,39.3,101.8,37.4
PLT_0082,Plantus delicata,55.4,10,Yellow,20.68,136.8,30.7
PLT_0083,Flora maxima,72.2,43,Yellow,21.63,200.3,9.8
PLT_0084,Herba variabilis,42.2,46,Blue,31.6,135.2,42.5
PLT_0085,Plantus delicata,37.9,16,Blue,42.73,150.5,25.5
PLT_0086,Plantus delicata,42.5,7,Red,33.47,147.4,30.8
PLT_0087,Herba variabilis,63.7,49,Blue,32.45,197.0,11.6
PLT_0088,Flora maxima,54.9,22,White,22.64,188.7,30.1
PLT_0089,Plantus robusta,42.1,44,Yellow,36.42,174.2,36.0
PLT_0090,Plantus robusta,57.7,25,Red,40.55,120.8,44.4
PLT_0091,Plantus robusta,51.5,19,Purple,29.51,160.8,39.0
PLT_0092,Verdanta minima,64.5,37,Red,39.39,167.0,30.5
PLT_0093,Verdanta minima,39.5,39,Purple,44.11,129.0,9.6
PLT_0094,Flora maxima,45.1,30,Red,25.09,123.9,26.3
PLT_0095,Plantus robusta,44.1,12,Red,33.08,201.2,19.1
PLT_0096,Plantus delicata,28.0,40,White,27.18,141.0,27.3
PLT_0097,Herba variabilis,54.4,34,Purple,39.82,198.4,12.8
PLT_0098,Flora maxima,53.9,27,Blue,34.44,179.9,22.9
PLT_0099,Herba variabilis,50.1,46,Blue,35.86,162.2,19.8
PLT_0100,Herba variabilis,46.5,48,Blue,39.95,163.6,19.5
PLT_0101,Plantus robusta,28.8,18,Yellow,29.9,108.0,19.6
PLT_0102,Verdanta minima,43.7,18,Red,42.88,156.2,23.6
PLT_0103,Verdanta minima,44.9,6,Yellow,33.33,192.5,27.9
PLT_0104,Flora maxima,38.0,41,White,23.95,170.4,0.0
PLT_0105,Plantus delicata,47.6,9,White,37.4,154.6,1.2
PLT_0106,Verdanta minima,56.1,42,Purple,39.83,201.4,21.6
PLT_0107,Plantus robusta,78.3,49,White,27.92,144.4,23.0
PLT_0108,Flora maxima,52.6,45,Purple,41.43,131.4,26.9
PLT_0109,Flora maxima,53.9,18,White,42.65,154.6,17.7
PLT_0110,Herba variabilis,48.9,43,Yellow,26.92,173.0,25.1
PLT_0111,Herba variabilis,21.2,29,Blue,44.59,98.5,26.3
PLT_0112,Plantus delicata,49.6,24,Yellow,23.52,158.5,17.7
PLT_0113,Flora maxima,50.9,6,White,25.05,174.3,35.1
PLT_0114,Plantus robusta,86.9,43,Yellow,24.61,141.9,26.8
PLT_0115,Herba variabilis,47.1,10,Red,42.35,183.2,30.5
PLT_0116,Herba variabilis,54.5,21,Purple,36.36,169.2,25.7
PLT_0117,Plantus delicata,49.5,29,Yellow,23.8,214.2,46.0
PLT_0118,Verdanta minima,32.5,32,White,31.01,127.5,31.0
PLT_0119,Verdanta minima,67.1,6,Blue,35.38,174.9,20.1
PLT_0120,Plantus robusta,61.3,39,Purple,22.09,119.5,33.2
PLT_0121,Verdanta minima,61.9,41,Purple,42.06,101.5,8.6
PLT_0122,Flora maxima,36.4,9,Purple,40.09,88.9,26.2
PLT_0123,Verdanta minima,71.0,5,Purple,32.63,166.1,28.2
PLT_0124,Flora maxima,29.0,44,White,44.18,155.5,26.3
PLT_0125,Plantus robusta,58.8,16,White,30.44,135.6,21.7
PLT_0126,Plantus delicata,82.9,40,Red,44.6,96.8,14.9
PLT_0127,Plantus robusta,35.1,49,Purple,36.7,129.3,17.1
PLT_0128,Herba variabilis,41.5,27,Purple,35.87,150.1,26.0
PLT_0129,Herba variabilis,51.5,35,Yellow,24.15,173.8,13.9
PLT_0130,Herba variabilis,42.4,15,Red,42.05,149.5,42.7
PLT_0131,Plantus delicata,26.7,14,White,30.69,157.6,-1.4
PLT_0132,Plantus robusta,51.0,7,Yellow,24.06,138.7,21.8
PLT_0133,Herba variabilis,34.1,18,Yellow,20.32,202.5,26.1
PLT_0134,Herba variabilis,57.1,20,Red,33.99,119.5,30.1
PLT_0135,Plantus robusta,36.2,14,Purple,33.18,129.0,15.8
PLT_0136,Flora maxima,73.2,33,Blue,37.98,135.2,36.3
PLT_0137,Plantus robusta,38.3,14,Blue,42.26,166.3,11.1
PLT_0138,Verdanta minima,45.2,16,Red,21.99,118.8,19.3
PLT_0139,Verdanta minima,62.2,34,White,38.29,154.1,31.2
PLT_0140,Plantus robusta,31.5,45,Red,24.69,154.9,35.4
PLT_0141,Flora maxima,53.4,5,White,41.45,129.2,11.0
PLT_0142,Flora maxima,69.6,9,Yellow,40.48,159.9,51.5
PLT_0143,Plantus delicata,25.9,24,Blue,33.52,119.8,16.0
PLT_0144,Herba variabilis,52.8,12,Yellow,37.76,116.5,11.9
PLT_0145,Flora maxima,53.9,47,Yellow,27.86,153.0,30.0
PLT_0146,Plantus delicata,61.7,16,White,31.78,100.2,21.5
PLT_0147,Flora maxima,31.4,5,White,40.54,85.7,20.0
PLT_0148,Verdanta minima,30.2,24,Blue,31.48,166.0,31.0
PLT_0149,Plantus delicata,57.8,32,Red,28.94,181.5,9.7
PLT_0150,Plantus delicata,54.5,47,Red,32.36,136.0,8.0
PLT_0151,Herba variabilis,53.8,41,Red,40.71,130.0,19.0
PLT_0152,Verdanta minima,55.2,41,White,28.38,180.2,35.8
PLT_0153,Flora maxima,39.8,16,White,24.34,115.6,19.5
PLT_0154,Flora maxima,53.5,41,Yellow,37.8,109.1,41.0
PLT_0155,Plantus robusta,54.4,48,White,40.65,171.2,37.0
PLT_0156,Plantus delicata,39.3,32,Blue,22.52,150.3,27.8
PLT_0157,Plantus delicata,78.0,19,Blue,26.0,181.9,28.4
PLT_0158,Flora maxima,57.1,10,Yellow,23.55,85.8,27.8
PLT_0159,Plantus delicata,32.1,48,White,28.7,108.0,26.6
PLT_0160,Plantus delicata,59.8,24,Red,31.26,150.4,21.3
PLT_0161,Plantus robusta,35.4,18,Blue,38.72,162.5,22.5
PLT_0162,Verdanta minima,61.8,6,Yellow,36.28,175.4,14.3
PLT_0163,Plantus delicata,67.4,13,White,35.52,155.2,2.9
PLT_0164,Herba variabilis,37.7,41,Blue,28.81,154.9,36.0
PLT_0165,Herba variabilis,64.5,24,White,41.04,138.3,26.6
PLT_0166,Plantus robusta,56.2,30,Red,31.78,197.7,25.1
PLT_0167,Plantus delicata,62.3,33,Yellow,44.48,116.9,29.0
PLT_0168,Verdanta minima,78.5,5,Blue,35.85,160.8,16.7
PLT_0169,Plantus delicata,46.3,39,Red,23.16,120.4,15.0
PLT_0170,Plantus robusta,38.7,10,Yellow,36.9,166.0,22.2
PLT_0171,Herba variabilis,36.7,41,Yellow,28.13,118.9,38.7
PLT_0172,Flora maxima,37.8,9,Red,37.16,172.3,13.3
PLT_0173,Flora maxima,48.8,37,Yellow,21.74,153.4,-1.3
PLT_0174,Verdanta minima,55.1,18,Yellow,24.37,202.3,19.8
PLT_0175,Herba variabilis,54.2,16,Red,41.39,141.6,36.4
PLT_0176,Plantus robusta,62.4,46,White,25.68,162.7,7.7
PLT_0177,Plantus robusta,50.2,24,Red,40.93,126.6,13.2
PLT_0178,Flora maxima,71.8,28,Yellow,26.98,141.4,27.6
PLT_0179,Flora maxima,46.0,47,White,36.07,153.2,50.7
PLT_0180,Flora maxima,90.8,38,Blue,37.35,104.2,11.4
PLT_0181,Verdanta minima,59.4,29,Purple,32.82,107.5,11.0
PLT_0182,Verdanta minima,37.1,33,Purple,27.63,168.0,28.4
PLT_0183,Herba variabilis,33.9,43,Red,25.32,145.6,37.0
PLT_0184,Plantus robusta,57.2,35,Purple,20.83,132.2,18.8
PLT_0185,Flora maxima,46.6,47,Red,27.6,127.9,8.8
PLT_0186,Plantus delicata,60.7,27,Red,36.33,129.0,29.3
PLT_0187,Herba variabilis,57.1,48,Purple,43.46,153.4,31.1
PLT_0188,Plantus delicata,48.9,42,Purple,41.78,163.4,42.8
PLT_0189,Plantus robusta,37.3,24,Blue,39.15,87.2,31.6
PLT_0190,Flora maxima,27.3,27,Blue,39.71,192.4,33.3
PLT_0191,Flora maxima,43.3,49,White,36.62,190.3,22.4
PLT_0192,Plantus delicata,62.8,20,Blue,26.51,80.1,49.4
PLT_0193,Plantus delicata,53.2,46,Red,42.68,182.6,21.0
PLT_0194,Herba variabilis,31.3,12,Red,36.77,181.7,18.9
PLT_0195,Flora maxima,52.6,25,Yellow,34.01,150.0,43.1
PLT_0196,Herba variabilis,55.8,5,Purple,22.77,111.1,10.3
PLT_0197,Flora maxima,36.7,12,White,31.18,180.5,6.5
PLT_0198,Plantus robusta,52.3,33,Purple,31.51,142.8,26.2
PLT_0199,Herba variabilis,50.9,36,Purple,41.61,166.5,25.0
PLT_0200,Herba variabilis,32.9,42,Red,33.67,216.6,22.7
PLT_0201,Herba variabilis,55.4,9,Purple,29.51,157.6,34.9
PLT_0202,Herba variabilis,58.4,26,Yellow,44.42,122.5,15.9
PLT_0203,Herba variabilis,66.2,38,Blue,22.77,139.9,25.6
PLT_0204,Plantus robusta,65.8,5,Blue,30.56,126.3,21.4
PLT_0205,Flora maxima,29.3,30,Yellow,21.05,163.0,16.1
PLT_0206,Plantus delicata,35.9,47,Yellow,38.5,125.8,24.4
PLT_0207,Flora maxima,57.7,14,Yellow,42.95,135.8,33.5
PLT_0208,Plantus robusta,57.7,34,Yellow,27.0,111.5,46.2
PLT_0209,Plantus delicata,57.7,22,Red,41.46,146.0,30.8
PLT_0210,Herba variabilis,107.8,21,Blue,27.31,155.3,-0.1
PLT_0211,Plantus delicata,58.6,30,Red,42.77,69.5,24.6
PLT_0212,Verdanta minima,67.0,12,Blue,38.85,157.8,25.5
PLT_0213,Flora maxima,64.3,44,Purple,40.12,148.6,34.4
PLT_0214,Flora maxima,59.8,16,Yellow,20.45,127.1,26.8
PLT_0215,Herba variabilis,45.3,31,White,44.07,210.9,37.5
PLT_0216,Herba variabilis,61.4,12,Purple,38.17,178.8,28.9
PLT_0217,Flora maxima,38.4,29,Purple,27.62,117.1,40.6
PLT_0218,Verdanta minima,46.4,8,Yellow,40.73,175.1,20.6
PLT_0219,Plantus robusta,42.7,37,Red,27.04,187.3,26.4
PLT_0220,Plantus delicata,51.2,5,Red,41.82,154.0,33.3
PLT_0221,Herba variabilis,84.7,23,White,22.81,160.8,19.3
PLT_0222,Flora maxima,22.0,35,White,37.59,160.2,17.1
PLT_0223,Flora maxima,60.3,20,White,33.52,87.4,18.7
PLT_0224,Verdanta minima,25.8,18,Red,22.41,144.4,17.5
PLT_0225,Plantus robusta,42.9,9,White,26.05,142.8,30.2
PLT_0226,Flora maxima,66.3,45,Blue,20.31,192.9,6.7
PLT_0227,Flora maxima,51.0,30,White,31.72,160.0,9.4
PLT_0228,Herba variabilis,33.8,32,White,27.53,141.1,43.6
PLT_0229,Plantus robusta,39.3,6,Blue,34.96,147.3,17.7
PLT_0230,Herba variabilis,60.2,10,Purple,27.43,180.7,27.0
PLT_0231,Plantus robusta,39.0,13,Blue,27.5,144.5,10.1
PLT_0232,Plantus robusta,53.2,37,White,38.58,129.1,25.9
PLT_0233,Flora maxima,50.7,45,White,21.2,141.7,17.8
PLT_0234,Verdanta minima,40.2,29,Purple,42.57,178.2,9.4
PLT_0235,Plantus delicata,82.2,17,White,41.31,164.9,38.4
PLT_0236,Plantus robusta,59.5,13,Red,36.7,151.3,36.8
PLT_0237,Herba variabilis,19.6,17,Red,34.83,155.7,23.9
PLT_0238,Plantus delicata,52.8,35,Blue,42.31,133.2,35.0
PLT_0239,Flora maxima,40.1,45,Yellow,24.63,144.2,44.0
PLT_0240,Verdanta minima,62.8,15,Yellow,21.97,130.1,32.5
PLT_0241,Flora maxima,38.1,8,Red,25.99,141.2,29.8
PLT_0242,Flora maxima,48.3,38,Blue,39.86,190.4,27.0
PLT_0243,Flora maxima,57.6,42,Yellow,20.87,117.7,31.5
PLT_0244,Herba variabilis,63.0,8,Blue,34.57,129.3,21.4
PLT_0245,Plantus delicata,32.0,42,Red,44.89,112.4,22.2
PLT_0246,Verdanta minima,45.0,23,Purple,41.39,105.9,29.5
PLT_0247,Plantus delicata,42.9,10,Red,33.04,144.4,20.3
PLT_0248,Plantus delicata,40.2,38,Purple,21.59,131.5,21.3
PLT_0249,Verdanta minima,76.5,22,Purple,40.78,202.9,25.0
PLT_0250,Plantus delicata,56.1,17,White,34.97,141.5,36.5
PLT_0251,Plantus delicata,31.1,45,Blue,22.87,188.7,13.7
PLT_0252,Verdanta minima,63.8,27,Blue,22.35,179.0,32.6
PLT_0253,Plantus robusta,81.8,23,Blue,42.74,143.7,32.9
PLT_0254,Flora maxima,65.5,49,White,36.73,213.3,32.9
PLT_0255,Herba variabilis,27.2,15,Purple,40.73,158.1,16.9
PLT_0256,Herba variabilis,42.7,5,Blue,41.97,195.4,8.1
PLT_0257,Plantus robusta,69.0,28,Purple,34.29,191.9,30.6
PLT_0258,Plantus delicata,39.4,11,White,32.94,162.4,26.9
PLT_0259,Plantus delicata,56.7,29,Yellow,30.76,172.5,35.0
PLT_0260,Herba variabilis,61.6,25,Blue,27.92,168.7,18.0
PLT_0261,Herba variabilis,36.1,19,Red,30.86,115.7,32.6
PLT_0262,Herba variabilis,49.1,5,Red,39.35,151.7,35.5
PLT_0263,Plantus delicata,1.4,16,Red,35.05,182.2,24.0
PLT_0264,Plantus robusta,34.6,11,Purple,42.31,195.8,29.2
PLT_0265,Herba variabilis,46.2,19,Yellow,31.08,128.4,28.8
PLT_0266,Verdanta minima,31.3,25,White,35.18,165.9,16.8
PLT_0267,Verdanta minima,74.5,23,Blue,35.78,154.5,30.3
PLT_0268,Herba variabilis,28.5,33,Red,34.79,146.5,41.2
PLT_0269,Verdanta minima,43.4,29,Yellow,37.57,160.7,25.2
PLT_0270,Plantus robusta,52.0,37,Blue,25.94,156.5,10.4
PLT_0271,Herba variabilis,71.6,36,Blue,32.81,166.2,18.1
PLT_0272,Plantus delicata,28.5,39,Blue,22.61,193.3,7.2
PLT_0273,Verdanta minima,67.4,48,Red,29.61,173.5,37.9
PLT_0274,Herba variabilis,50.2,42,Yellow,32.19,159.3,32.6
PLT_0275,Plantus robusta,35.3,30,Yellow,36.31,205.9,20.0
PLT_0276,Plantus robusta,56.9,15,Blue,43.76,183.3,10.8
PLT_0277,Plantus robusta,53.0,39,Yellow,35.02,147.2,16.7
PLT_0278,Flora maxima,41.0,12,Blue,38.59,113.5,18.6
PLT_0279,Plantus delicata,51.0,18,White,32.66,120.4,26.1
PLT_0280,Verdanta minima,44.2,14,White,35.85,178.0,25.8
PLT_0281,Verdanta minima,51.7,6,Red,21.77,131.1,38.4
PLT_0282,Plantus delicata,59.9,13,Red,26.36,119.8,18.1
PLT_0283,Verdanta minima,73.8,7,White,29.05,127.3,9.9
PLT_0284,Plantus delicata,31.4,25,Yellow,31.81,129.4,13.4
PLT_0285,Flora maxima,82.0,30,White,21.14,175.5,24.8
PLT_0286,Herba variabilis,20.7,12,White,23.5,145.3,17.7
PLT_0287,Herba variabilis,47.7,6,Purple,26.92,108.8,22.1
PLT_0288,Plantus robusta,58.8,10,Purple,44.29,150.9,20.5
PLT_0289,Flora maxima,54.2,32,Yellow,28.28,156.7,34.9
PLT_0290,Plantus delicata,40.7,33,Blue,32.05,135.6,19.1
PLT_0291,Plantus robusta,46.9,30,Red,24.9,184.7,21.2
PLT_0292,Verdanta minima,42.6,29,Yellow,35.27,137.4,32.2
PLT_0293,Verdanta minima,41.2,16,Purple,27.02,183.3,19.4
PLT_0294,Plantus delicata,62.7,9,White,25.17,167.9,29.2
PLT_0295,Verdanta minima,55.4,38,Yellow,32.91,177.8,28.3
PLT_0296,Flora maxima,39.6,41,Blue,20.14,117.0,26.4
PLT_0297,Flora maxima,63.5,19,Purple,20.19,152.9,13.7
PLT_0298,Plantus robusta,54.6,48,Yellow,25.48,148.4,37.3
PLT_0299,Plantus robusta,62.2,40,Yellow,20.92,107.3,47.2
PLT_0300,Herba variabilis,59.4,19,White,22.7,183.2,25.1
PLT_0301,Herba variabilis,37.6,47,Purple,28.47,125.5,14.5
PLT_0302,Flora maxima,41.6,27,White,40.06,131.7,25.3
PLT_0303,Herba variabilis,61.2,10,Purple,34.3,119.6,34.9
PLT_0304,Flora maxima,59.2,48,White,32.82,171.0,18.8
PLT_0305,Plantus robusta,49.7,47,White,27.34,104.2,23.7
PLT_0306,Plantus robusta,51.8,49,Blue,43.29,168.5,28.4
PLT_0307,Plantus delicata,69.2,25,White,29.93,181.3,37.0
PLT_0308,Herba variabilis,41.1,27,Blue,22.18,166.1,32.8
PLT_0309,Verdanta minima,58.2,47,Yellow,35.43,171.4,33.2
PLT_0310,Herba variabilis,47.0,20,Yellow,22.85,172.8,20.7
PLT_0311,Herba variabilis,46.7,19,Red,28.63,121.5,29.0
PLT_0312,Plantus delicata,66.5,29,Yellow,32.69,193.0,17.8
PLT_0313,Plantus delicata,62.4,40,Purple,41.86,136.2,33.5
PLT_0314,Plantus robusta,62.2,15,Blue,32.34,148.0,36.5
PLT_0315,Verdanta minima,69.6,19,Yellow,37.56,140.0,30.5
PLT_0316,Herba variabilis,50.3,8,Red,44.82,164.7,21.3
PLT_0317,Flora maxima,60.2,25,Red,23.29,133.9,23.0
PLT_0318,Verdanta minima,45.3,17,Purple,26.87,152.0,43.1
PLT_0319,Plantus robusta,54.9,26,Red,29.86,112.9,21.5
PLT_0320,Herba variabilis,48.0,23,White,30.55,184.9,35.5
PLT_0321,Herba variabilis,51.5,38,Purple,30.28,170.1,28.4
PLT_0322,Herba variabilis,58.9,18,Purple,42.69,141.2,21.7
PLT_0323,Herba variabilis,37.7,8,Red,37.85,135.9,11.6
PLT_0324,Herba variabilis,81.4,31,Yellow,35.2,169.3,27.1
PLT_0325,Plantus robusta,34.9,33,White,27.73,128.8,25.9
PLT_0326,Verdanta minima,31.8,32,Red,40.59,153.8,43.1
PLT_0327,Plantus delicata,67.4,39,Yellow,43.88,184.8,16.4
PLT_0328,Herba variabilis,61.9,12,Red,40.53,125.7,47.9
PLT_0329,Herba variabilis,59.4,20,Purple,20.04,161.1,28.8
PLT_0330,Herba variabilis,59.4,46,White,35.91,159.5,28.8
PLT_0331,Herba variabilis,49.8,40,Purple,21.28,147.1,19.1
PLT_0332,Plantus delicata,36.5,34,Red,26.44,134.9,28.1
PLT_0333,Verdanta minima,51.1,22,Blue,21.49,186.4,29.7
PLT_0334,Plantus robusta,39.8,6,Blue,35.09,132.1,34.4
PLT_0335,Herba variabilis,64.6,17,White,37.16,95.6,15.2
PLT_0336,Herba variabilis,47.8,8,Yellow,22.86,169.2,39.1
PLT_0337,Plantus delicata,37.6,30,Blue,29.6,114.0,28.6
PLT_0338,Herba variabilis,45.2,29,Yellow,31.41,170.8,31.1
PLT_0339,Flora maxima,56.2,34,White,29.23,190.0,22.8
PLT_0340,Plantus delicata,41.5,15,Blue,23.03,168.9,15.7
PLT_0341,Verdanta minima,37.7,11,Blue,30.47,182.1,25.7
PLT_0342,Plantus delicata,53.7,35,Yellow,38.78,210.6,26.9
PLT_0343,Plantus robusta,53.7,48,Purple,21.78,179.0,11.1
PLT_0344,Plantus robusta,42.4,14,Blue,22.0,159.9,32.9
PLT_0345,Plantus delicata,42.9,43,Purple,28.87,199.0,35.0
PLT_0346,Herba variabilis,53.5,17,Yellow,43.54,202.6,17.7
PLT_0347,Herba variabilis,28.3,35,Purple,36.71,203.1,14.8
PLT_0348,Plantus delicata,28.9,11,Purple,36.97,135.2,22.0
PLT_0349,Verdanta minima,39.2,46,Blue,29.05,109.4,25.2
PLT_0350,Plantus delicata,46.8,46,Yellow,34.84,133.4,22.4
PLT_0351,Herba variabilis,54.7,40,Yellow,20.25,171.1,24.4
PLT_0352,Flora maxima,72.1,24,Blue,35.9,154.8,27.2
PLT_0353,Herba variabilis,62.9,8,Purple,42.83,143.8,11.3
PLT_0354,Plantus robusta,47.6,11,Purple,35.31,166.8,12.5
PLT_0355,Herba variabilis,49.7,5,Purple,41.84,105.9,-2.2
PLT_0356,Plantus robusta,35.0,48,Red,38.1,154.2,34.4
PLT_0357,Herba variabilis,49.7,49,Yellow,23.01,183.6,25.2
PLT_0358,Plantus delicata,45.7,46,White,42.56,166.5,35.5
PLT_0359,Plantus robusta,54.8,17,Purple,21.66,170.8,13.6
PLT_0360,Flora maxima,37.6,26,Blue,33.35,197.9,25.2
PLT_0361,Verdanta minima,57.8,25,Red,23.55,148.0,27.1
PLT_0362,Plantus delicata,73.0,26,Purple,20.29,130.4,19.4
PLT_0363,Verdanta minima,48.4,32,Purple,30.55,185.7,9.5
PLT_0364,Flora maxima,56.0,13,Yellow,27.38,185.1,42.5
PLT_0365,Plantus delicata,60.4,30,White,32.15,166.7,39.0
PLT_0366,Flora maxima,44.0,13,Yellow,34.43,145.2,21.2
PLT_0367,Plantus delicata,53.4,19,Purple,21.09,150.0,30.1
PLT_0368,Verdanta minima,50.2,14,Red,23.08,111.7,20.2
PLT_0369,Plantus robusta,51.5,28,Blue,33.97,183.4,15.0
PLT_0370,Herba variabilis,38.4,46,Purple,28.58,182.3,43.3
PLT_0371,Flora maxima,50.4,12,Yellow,38.23,110.6,8.4
PLT_0372,Verdanta minima,57.5,28,Blue,36.31,176.0,22.1
PLT_0373,Verdanta minima,71.8,20,Yellow,41.14,162.1,25.8
PLT_0374,Verdanta minima,64.4,30,Red,37.31,119.3,41.5
PLT_0375,Plantus delicata,82.3,31,Red,30.75,113.8,34.0
PLT_0376,Plantus robusta,38.5,41,Blue,36.82,161.2,8.3
PLT_0377,Verdanta minima,63.1,8,Yellow,26.88,138.1,25.0
PLT_0378,Plantus delicata,52.8,28,Purple,27.66,204.6,25.2
PLT_0379,Plantus delicata,82.8,23,Yellow,39.72,178.6,22.7
PLT_0380,Herba variabilis,37.9,40,Red,31.16,164.2,31.2
PLT_0381,Verdanta minima,37.4,43,Purple,39.96,165.7,10.9
PLT_0382,Plantus delicata,41.0,14,Purple,40.56,189.9,20.9
PLT_0383,Plantus delicata,18.1,29,White,41.44,175.4,29.8
PLT_0384,Flora maxima,42.1,22,White,42.92,165.0,31.8
PLT_0385,Flora maxima,38.6,23,Red,30.77,120.6,26.5
PLT_0386,Plantus delicata,52.3,40,Yellow,27.97,241.9,22.1
PLT_0387,Plantus robusta,55.1,14,Purple,34.55,116.9,23.8
PLT_0388,Flora maxima,78.1,37,White,29.28,140.6,32.4
PLT_0389,Herba variabilis,64.3,9,Red,35.03,100.4,25.3
PLT_0390,Verdanta minima,41.3,39,White,37.64,166.2,14.6
PLT_0391,Herba variabilis,36.5,48,Blue,37.21,154.5,12.7
PLT_0392,Verdanta minima,57.4,38,Red,29.36,173.0,10.1
PLT_0393,Plantus delicata,30.2,37,Red,24.17,97.8,39.6
PLT_0394,Flora maxima,77.5,25,Yellow,30.76,183.4,33.1
PLT_0395,Plantus robusta,67.7,21,Purple,23.56,125.8,23.9
PLT_0396,Plantus delicata,43.0,26,Blue,42.25,145.5,20.5
PLT_0397,Flora maxima,24.3,41,White,28.65,177.9,19.3
PLT_0398,Flora maxima,70.3,19,Blue,23.86,157.8,35.9
PLT_0399,Verdanta minima,48.3,39,Red,20.64,160.0,44.0
PLT_0400,Flora maxima,68.6,32,Yellow,36.15,174.0,18.9
PLT_0401,Flora maxima,26.1,11,Yellow,35.92,162.9,36.4
PLT_0402,Plantus delicata,41.0,36,Red,28.52,139.8,25.3
PLT_0403,Flora maxima,50.1,15,Blue,21.79,145.0,22.9
PLT_0404,Herba variabilis,50.7,14,White,30.24,156.4,40.0
PLT_0405,Verdanta minima,43.2,13,Blue,27.78,123.1,24.9
PLT_0406,Plantus robusta,59.3,18,Red,36.93,179.9,28.0
PLT_0407,Plantus robusta,34.0,17,Purple,35.14,158.7,27.5
PLT_0408,Flora maxima,47.9,29,Blue,29.11,152.2,8.7
PLT_0409,Verdanta minima,51.8,6,Red,25.45,185.8,27.9
PLT_0410,Plantus delicata,57.7,39,Blue,44.7,146.4,19.4
PLT_0411,Herba variabilis,60.7,11,Yellow,31.35,144.5,10.8
PLT_0412,Verdanta minima,33.1,25,Red,37.21,135.5,19.8
PLT_0413,Verdanta minima,27.0,22,Blue,23.51,160.3,19.7
PLT_0414,Plantus delicata,69.2,7,White,32.14,159.3,35.3
PLT_0415,Plantus robusta,55.0,46,Yellow,20.69,130.0,14.4
PLT_0416,Plantus robusta,38.8,43,Blue,32.64,144.7,17.1
PLT_0417,Plantus delicata,73.3,45,White,44.1,130.2,27.4
PLT_0418,Flora maxima,51.7,15,Red,29.61,128.9,11.7
PLT_0419,Herba variabilis,67.7,43,Purple,20.97,98.1,18.4
PLT_0420,Plantus robusta,51.0,28,Red,20.77,143.1,8.4
PLT_0421,Flora maxima,80.9,23,Blue,29.7,98.9,34.2
PLT_0422,Verdanta minima,76.3,8,Blue,24.0,136.1,22.0
PLT_0423,Plantus robusta,46.3,30,Purple,20.58,131.6,24.8
PLT_0424,Verdanta minima,64.6,42,Blue,38.91,181.6,34.2
PLT_0425,Flora maxima,59.7,46,Yellow,31.46,119.6,17.8
PLT_0426,Plantus delicata,70.5,36,Blue,27.23,127.2,21.9
PLT_0427,Verdanta minima,35.5,43,White,42.5,138.6,14.4
PLT_0428,Plantus robusta,60.3,49,Purple,22.9,132.6,14.4
PLT_0429,Verdanta minima,65.9,40,Yellow,43.9,191.1,15.8
PLT_0430,Verdanta minima,23.6,44,Red,27.85,115.8,20.1
PLT_0431,Plantus robusta,32.3,41,White,42.21,138.6,21.2
PLT_0432,Flora maxima,19.4,37,Yellow,35.07,160.0,27.9
PLT_0433,Plantus robusta,46.0,40,White,40.67,176.4,16.1
PLT_0434,Herba variabilis,60.8,7,White,44.6,138.6,28.2
PLT_0435,Flora maxima,72.5,13,White,27.21,92.5,29.9
PLT_0436,Plantus robusta,51.1,12,White,44.03,145.5,20.3
PLT_0437,Plantus delicata,74.4,37,Yellow,29.74,190.6,17.0
PLT_0438,Herba variabilis,29.3,10,Red,29.64,158.5,25.9
PLT_0439,Flora maxima,24.4,45,Blue,28.51,157.1,23.0
PLT_0440,Herba variabilis,49.2,43,Purple,33.54,118.1,27.2
PLT_0441,Verdanta minima,55.8,8,Red,23.85,115.0,40.7
PLT_0442,Herba variabilis,49.5,17,White,33.84,150.5,25.7
PLT_0443,Flora maxima,19.0,6,Blue,33.54,107.2,18.6
PLT_0444,Herba variabilis,48.7,9,White,39.05,173.4,16.1
PLT_0445,Herba variabilis,30.4,48,White,40.84,124.6,16.5
PLT_0446,Verdanta minima,60.0,31,Purple,31.01,149.3,10.4
PLT_0447,Verdanta minima,55.5,36,Red,27.56,93.4,34.3
PLT_0448,Flora maxima,35.9,25,White,26.48,138.2,2.7
PLT_0449,Herba variabilis,42.3,12,Blue,24.87,114.4,29.9
PLT_0450,Flora maxima,34.1,42,Yellow,21.44,80.3,16.3
PLT_0451,Herba variabilis,49.1,12,Red,28.56,166.3,19.9
PLT_0452,Verdanta minima,64.3,7,Red,26.76,199.2,16.0
PLT_0453,Flora maxima,35.2,48,Red,44.16,183.9,39.5
PLT_0454,Plantus delicata,57.6,7,Purple,33.94,170.5,25.2
PLT_0455,Plantus delicata,42.0,26,Blue,28.68,137.6,32.9
PLT_0456,Verdanta minima,38.1,10,Purple,34.51,174.2,38.0
PLT_0457,Verdanta minima,48.4,6,Blue,23.48,186.7,26.6
PLT_0458,Flora maxima,34.5,27,Yellow,31.1,154.1,13.0
PLT_0459,Verdanta minima,41.7,48,White,35.66,114.5,22.8
PLT_0460,Plantus delicata,32.0,6,Red,32.22,135.0,17.6
PLT_0461,Plantus robusta,79.5,42,Yellow,30.04,201.1,20.0
PLT_0462,Plantus delicata,50.5,21,White,44.85,147.8,24.1
PLT_0463,Plantus delicata,39.5,39,Purple,42.01,50.3,23.7
PLT_0464,Plantus delicata,53.2,38,Yellow,35.59,105.9,29.1
PLT_0465,Flora maxima,48.3,27,Red,34.23,137.3,30.6
PLT_0466,Plantus robusta,46.7,34,Yellow,35.52,181.1,23.7
PLT_0467,Plantus delicata,59.2,12,Purple,25.03,141.8,29.0
PLT_0468,Verdanta minima,61.4,26,White,29.88,181.6,19.5
PLT_0469,Verdanta minima,42.0,48,Purple,20.99,134.2,38.1
PLT_0470,Plantus robusta,41.4,40,Yellow,31.89,91.1,19.3
PLT_0471,Flora maxima,45.9,9,Purple,33.58,135.3,37.0
PLT_0472,Flora maxima,15.5,17,Blue,25.69,160.3,10.2
PLT_0473,Flora maxima,27.3,33,Blue,44.1,157.9,21.2
PLT_0474,Plantus delicata,70.5,35,Purple,42.74,112.3,21.7
PLT_0475,Flora maxima,74.7,20,Blue,38.05,139.5,27.8
PLT_0476,Herba variabilis,46.3,46,Purple,33.33,230.5,33.6
PLT_0477,Flora maxima,58.6,34,White,41.75,113.0,12.5
PLT_0478,Verdanta minima,54.7,20,Red,23.27,169.8,13.9
PLT_0479,Herba variabilis,96.2,16,White,39.76,87.1,11.0
PLT_0480,Verdanta minima,66.8,21,Purple,23.12,175.9,38.2
PLT_0481,Plantus delicata,48.1,20,Blue,39.86,123.2,28.0
PLT_0482,Plantus robusta,35.7,16,Yellow,26.89,162.1,14.2
PLT_0483,Plantus delicata,25.9,12,Red,41.93,111.3,20.6
PLT_0484,Verdanta minima,53.1,24,White,43.6,158.7,36.8
PLT_0485,Herba variabilis,38.7,7,Yellow,23.72,122.7,22.2
PLT_0486,Herba variabilis,28.7,20,White,31.57,128.5,21.6
PLT_0487,Flora maxima,40.3,34,Blue,44.52,163.3,17.2
PLT_0488,Verdanta minima,33.8,49,White,32.09,137.1,14.8
PLT_0489,Flora maxima,75.3,27,Yellow,41.59,161.4,36.8
PLT_0490,Verdanta minima,63.2,32,Red,34.72,144.3,41.7
PLT_0491,Plantus delicata,49.9,44,Purple,29.38,152.0,15.1
PLT_0492,Plantus delicata,72.2,9,Yellow,27.14,163.4,39.0
PLT_0493,Flora maxima,51.2,24,Purple,25.08,139.5,20.1
PLT_0494,Plantus robusta,37.1,44,Yellow,39.04,120.1,30.3
PLT_0495,Plantus delicata,72.8,48,Purple,29.66,134.0,39.1
PLT_0496,Verdanta minima,58.1,5,Purple,32.78,185.9,23.5
PLT_0497,Flora maxima,34.4,34,Red,32.31,153.5,21.7
PLT_0498,Plantus robusta,47.1,25,White,34.43,124.7,33.0
PLT_0499,Flora maxima,36.9,24,Yellow,41.64,162.0,13.9
PLT_0500,Plantus robusta,29.3,10,Purple,44.52,164.0,36.5
PLT_0501,Verdanta minima,63.9,26,White,30.19,165.6,26.4
PLT_0502,Plantus robusta,78.6,22,Purple,40.69,120.7,19.2
PLT_0503,Plantus delicata,29.0,12,Red,39.11,129.5,19.0
PLT_0504,Flora maxima,58.4,43,White,34.34,129.7,11.2
PLT_0505,Plantus robusta,40.2,36,White,43.9,139.2,19.6
PLT_0506,Verdanta minima,42.7,37,Red,25.01,166.2,22.4
PLT_0507,Plantus robusta,41.1,20,Red,22.73,158.9,14.4
PLT_0508,Flora maxima,37.0,16,White,41.35,161.3,24.5
PLT_0509,Plantus robusta,50.7,42,Yellow,30.98,190.6,29.7
PLT_0510,Plantus delicata,37.5,38,Yellow,41.17,170.7,22.9
PLT_0511,Plantus delicata,54.1,18,Blue,42.33,145.7,31.6
PLT_0512,Plantus delicata,49.2,40,White,21.56,114.5,16.9
PLT_0513,Verdanta minima,46.4,37,White,42.09,128.6,35.0
PLT_0514,Plantus delicata,36.4,27,Purple,31.21,142.1,26.2
PLT_0515,Verdanta minima,41.3,49,Yellow,32.76,174.9,40.5
PLT_0516,Herba variabilis,61.3,6,White,35.66,149.2,49.1
PLT_0517,Plantus delicata,57.5,45,Blue,43.16,130.3,20.3
PLT_0518,Plantus robusta,35.3,25,Blue,20.48,128.0,20.7
PLT_0519,Plantus robusta,51.5,6,Yellow,31.92,147.9,22.5
PLT_0520,Flora maxima,61.3,31,White,37.19,176.7,31.0
PLT_0521,Herba variabilis,25.0,13,Yellow,38.07,197.7,38.3
PLT_0522,Plantus delicata,58.2,5,Red,37.31,143.8,18.5
PLT_0523,Verdanta minima,40.1,15,White,23.36,148.7,28.8
PLT_0524,Verdanta minima,58.6,7,Blue,27.48,113.6,23.6
PLT_0525,Verdanta minima,38.6,27,Yellow,28.97,208.2,31.2
PLT_0526,Verdanta minima,22.9,30,Blue,40.11,108.0,40.1
PLT_0527,Herba variabilis,25.6,8,Yellow,26.97,185.1,22.6
PLT_0528,Plantus robusta,50.7,22,Yellow,25.27,139.0,8.3
PLT_0529,Plantus robusta,53.9,10,Blue,43.94,132.0,32.4
PLT_0530,Plantus robusta,36.4,39,Purple,20.22,116.7,16.7
PLT_0531,Plantus robusta,59.6,26,Yellow,44.95,222.3,23.6
PLT_0532,Verdanta minima,25.1,47,Purple,36.92,156.6,32.9
PLT_0533,Flora maxima,49.0,19,Blue,40.71,150.6,28.0
PLT_0534,Plantus delicata,31.8,26,Red,27.37,176.6,24.0
PLT_0535,Verdanta minima,40.2,41,Purple,20.36,130.5,19.2
PLT_0536,Verdanta minima,50.7,46,Blue,38.45,150.1,-4.0
PLT_0537,Plantus robusta,37.1,16,Purple,40.85,151.7,32.0
PLT_0538,Verdanta minima,44.2,46,Blue,38.51,134.6,22.5
PLT_0539,Verdanta minima,65.1,42,Red,23.57,186.0,40.1
PLT_0540,Plantus robusta,41.3,22,White,38.84,143.4,29.0
PLT_0541,Herba variabilis,62.5,49,Purple,39.22,103.4,19.6
PLT_0542,Herba variabilis,33.1,39,Yellow,36.46,141.0,35.7
PLT_0543,Plantus robusta,57.9,34,Yellow,39.15,157.5,36.5
PLT_0544,Plantus robusta,71.6,28,Red,41.15,123.2,22.8
PLT_0545,Plantus delicata,12.9,46,Blue,35.34,125.6,36.9
PLT_0546,Verdanta minima,38.0,34,Purple,22.22,133.6,19.4
PLT_0547,Herba variabilis,58.7,18,Purple,32.19,186.6,26.6
PLT_0548,Plantus delicata,47.0,10,White,21.94,135.4,30.7
PLT_0549,Verdanta minima,55.6,7,Purple,30.19,192.9,32.8
PLT_0550,Plantus robusta,40.9,20,White,30.18,131.6,31.2
PLT_0551,Verdanta minima,51.3,11,White,21.65,159.8,21.7
PLT_0552,Verdanta minima,47.7,18,Blue,28.72,136.6,35.9
PLT_0553,Plantus robusta,67.5,13,Red,22.77,172.6,23.8
PLT_0554,Verdanta minima,53.8,19,Yellow,40.21,116.5,19.3
PLT_0555,Herba variabilis,55.1,25,Red,43.69,172.3,19.5
PLT_0556,Verdanta minima,43.8,39,White,21.81,153.4,44.4
PLT_0557,Plantus robusta,42.7,6,Red,43.88,130.8,17.6
PLT_0558,Herba variabilis,43.5,31,Blue,33.06,145.0,37.9
PLT_0559,Verdanta minima,55.9,6,Yellow,27.49,196.0,13.6
PLT_0560,Plantus delicata,43.7,39,Purple,21.92,154.1,29.9
PLT_0561,Flora maxima,54.3,22,Blue,32.52,128.9,28.0
PLT_0562,Plantus delicata,81.1,18,White,39.86,113.9,41.2
PLT_0563,Flora maxima,63.1,24,Red,37.68,165.2,18.5
PLT_0564,Plantus delicata,45.1,22,Yellow,21.26,155.9,15.7
PLT_0565,Herba variabilis,68.0,14,Purple,21.82,170.9,23.8
PLT_0566,Herba variabilis,43.9,29,White,30.07,106.1,41.6
PLT_0567,Plantus robusta,19.4,6,Blue,27.38,114.8,16.2
PLT_0568,Herba variabilis,34.9,29,White,25.81,184.4,-0.9
PLT_0569,Verdanta minima,21.9,37,Purple,27.03,159.9,25.6
PLT_0570,Herba variabilis,44.7,40,Red,40.09,166.0,34.5
PLT_0571,Verdanta minima,50.3,35,Purple,43.23,121.1,14.9
PLT_0572,Flora maxima,75.1,18,White,30.13,120.6,33.5
PLT_0573,Verdanta minima,54.9,5,Blue,42.65,179.7,14.6
PLT_0574,Herba variabilis,46.7,20,White,28.04,181.2,23.5
PLT_0575,Plantus delicata,62.4,7,Yellow,31.91,117.4,32.5
PLT_0576,Herba variabilis,16.8,39,Purple,25.65,111.6,13.1
PLT_0577,Flora maxima,53.5,45,White,36.01,146.7,26.8
PLT_0578,Flora maxima,61.6,10,White,44.47,126.0,37.1
PLT_0579,Flora maxima,27.8,29,Red,35.09,125.4,29.7
PLT_0580,Verdanta minima,67.2,17,Purple,28.95,112.5,17.8
PLT_0581,Plantus delicata,55.1,38,Blue,36.2,135.9,40.2
PLT_0582,Herba variabilis,43.8,12,Purple,23.07,115.4,31.6
PLT_0583,Herba variabilis,59.5,25,Red,42.22,117.1,6.4
PLT_0584,Plantus robusta,84.1,38,Red,32.58,159.0,33.6
PLT_0585,Herba variabilis,52.7,8,Red,31.23,148.3,19.3
PLT_0586,Plantus delicata,53.7,29,Red,34.65,164.5,27.0
PLT_0587,Flora maxima,43.1,19,Yellow,35.62,100.5,35.1
PLT_0588,Verdanta minima,37.3,8,White,21.79,150.3,19.5
PLT_0589,Plantus delicata,62.5,49,Yellow,37.07,212.3,8.5
PLT_0590,Plantus robusta,37.2,16,Purple,26.05,138.8,40.1
PLT_0591,Herba variabilis,51.1,36,Purple,37.85,174.7,36.6
PLT_0592,Plantus robusta,42.8,36,Purple,40.56,174.5,24.1
PLT_0593,Plantus delicata,57.2,32,Yellow,40.1,176.0,33.5
PLT_0594,Verdanta minima,55.0,17,White,33.81,155.0,21.3
PLT_0595,Plantus delicata,65.6,35,Blue,33.0,167.0,26.0
PLT_0596,Herba variabilis,42.3,18,Red,23.57,171.0,23.6
PLT_0597,Verdanta minima,46.0,24,Yellow,39.38,169.1,21.7
PLT_0598,Plantus delicata,35.3,22,Blue,26.79,116.5,28.6
PLT_0599,Plantus robusta,43.3,33,Blue,32.42,98.8,12.9
PLT_0600,Herba variabilis,55.7,10,Red,27.11,103.4,22.5
PLT_0601,Plantus robusta,61.4,36,Purple,23.35,141.9,28.1
PLT_0602,Verdanta minima,36.2,33,Red,35.74,167.8,43.4
PLT_0603,Flora maxima,63.0,47,White,21.36,116.9,13.3
PLT_0604,Verdanta minima,70.3,6,White,38.72,177.7,30.2
PLT_0605,Verdanta minima,56.2,27,White,27.94,134.9,31.3
PLT_0606,Verdanta minima,78.2,23,Purple,20.0,135.2,6.2
PLT_0607,Flora maxima,38.4,35,Blue,32.78,124.9,29.1
PLT_0608,Verdanta minima,31.3,9,Purple,21.17,93.5,33.8
PLT_0609,Plantus robusta,23.3,23,Red,26.9,156.9,30.9
PLT_0610,Plantus delicata,72.4,38,Red,37.67,201.4,24.2
PLT_0611,Verdanta minima,59.8,14,White,21.57,148.1,28.3
PLT_0612,Plantus delicata,49.2,29,Blue,40.98,94.5,26.7
PLT_0613,Flora maxima,54.2,6,White,20.1,173.4,8.1
PLT_0614,Flora maxima,33.1,15,White,26.17,101.3,26.9
PLT_0615,Flora maxima,86.7,35,Blue,38.52,113.7,21.3
PLT_0616,Flora maxima,51.9,19,White,27.91,142.8,18.0
PLT_0617,Verdanta minima,51.6,13,Blue,22.55,153.7,49.8
PLT_0618,Plantus delicata,60.9,27,White,29.01,119.7,37.5
PLT_0619,Verdanta minima,57.2,23,Yellow,26.76,141.7,13.5
PLT_0620,Plantus delicata,53.4,13,Purple,41.07,171.5,28.5
PLT_0621,Plantus delicata,38.1,39,Blue,27.83,175.6,39.6
PLT_0622,Plantus robusta,57.1,25,Purple,39.72,187.5,10.0
PLT_0623,Plantus robusta,78.2,13,White,42.3,207.3,25.8
PLT_0624,Plantus robusta,70.2,32,Yellow,30.85,174.3,26.2
PLT_0625,Flora maxima,73.9,11,Red,42.75,143.5,12.3
PLT_0626,Verdanta minima,42.3,20,Red,29.43,175.8,28.8
PLT_0627,Plantus robusta,35.2,20,Blue,44.1,164.0,36.2
PLT_0628,Plantus delicata,48.1,37,Blue,22.23,165.2,40.1
PLT_0629,Flora maxima,50.8,8,Yellow,37.18,155.3,22.5
PLT_0630,Verdanta minima,66.4,8,White,32.35,122.6,50.0
PLT_0631,Herba variabilis,24.6,43,Yellow,29.69,119.2,4.4
PLT_0632,Flora maxima,72.9,44,White,35.82,147.1,28.6
PLT_0633,Plantus delicata,47.6,21,White,37.6,154.5,10.9
PLT_0634,Plantus robusta,43.6,41,Purple,20.11,129.6,25.9
PLT_0635,Plantus robusta,34.8,43,Purple,24.17,162.7,19.8
PLT_0636,Plantus delicata,25.2,33,Red,37.83,212.4,30.1
PLT_0637,Plantus robusta,62.3,40,Yellow,36.66,97.7,23.7
PLT_0638,Plantus robusta,51.1,42,Blue,44.15,167.5,16.7
PLT_0639,Flora maxima,30.7,43,Yellow,39.03,148.0,17.4
PLT_0640,Plantus delicata,30.6,41,Blue,43.77,163.5,44.3
PLT_0641,Herba variabilis,45.0,39,Yellow,37.56,137.1,29.4
PLT_0642,Flora maxima,75.0,11,Yellow,27.45,145.6,8.0
PLT_0643,Verdanta minima,46.1,31,Red,22.63,153.9,30.5
PLT_0644,Plantus robusta,27.5,32,Yellow,39.55,141.0,23.1
PLT_0645,Herba variabilis,46.3,26,Yellow,36.1,104.4,25.0
PLT_0646,Flora maxima,45.9,18,White,21.2,143.0,33.2
PLT_0647,Herba variabilis,9.5,11,Yellow,29.0,107.5,36.8
PLT_0648,Flora maxima,49.2,41,Purple,43.92,169.6,16.4
PLT_0649,Flora maxima,46.5,26,Red,32.51,94.0,24.7
PLT_0650,Flora maxima,60.4,9,Yellow,30.82,180.9,19.5
PLT_0651,Plantus robusta,77.7,6,Blue,31.44,162.9,31.0
PLT_0652,Plantus robusta,66.9,31,Yellow,25.22,163.0,22.7
PLT_0653,Herba variabilis,46.0,25,White,29.22,85.1,25.3
PLT_0654,Flora maxima,33.4,42,Blue,29.25,140.1,22.3
PLT_0655,Herba variabilis,88.6,19,Blue,21.31,184.6,23.9
PLT_0656,Flora maxima,50.9,25,Blue,39.19,134.4,42.0
PLT_0657,Plantus robusta,50.2,14,Yellow,30.41,117.7,48.9
PLT_0658,Verdanta minima,49.6,27,Red,40.55,130.9,28.8
PLT_0659,Plantus robusta,53.0,43,Purple,41.26,148.0,24.0
PLT_0660,Plantus robusta,47.8,9,Blue,25.3,124.5,9.0
PLT_0661,Flora maxima,41.4,5,Purple,36.43,187.0,17.4
PLT_0662,Plantus delicata,41.8,17,Yellow,31.81,148.1,23.7
PLT_0663,Herba variabilis,49.5,25,Yellow,42.0,133.3,17.8
PLT_0664,Plantus robusta,41.8,30,Red,25.39,111.0,18.9
PLT_0665,Verdanta minima,39.3,49,Blue,36.95,164.5,40.8
PLT_0666,Verdanta minima,51.6,25,Purple,35.19,163.8,25.3
PLT_0667,Verdanta minima,46.2,22,White,27.38,126.2,26.2
PLT_0668,Plantus delicata,72.6,41,Blue,23.42,82.9,18.3
PLT_0669,Flora maxima,10.2,49,Blue,36.29,162.3,36.8
PLT_0670,Flora maxima,66.4,36,Purple,38.46,144.4,22.9
PLT_0671,Flora maxima,68.7,40,Blue,27.89,160.1,19.8
PLT_0672,Herba variabilis,18.9,21,Purple,36.12,208.7,9.2
PLT_0673,Herba variabilis,44.9,39,White,29.88,149.2,24.4
PLT_0674,Plantus delicata,44.4,15,White,37.83,134.6,19.5
PLT_0675,Verdanta minima,28.9,25,Yellow,24.98,115.6,41.8
PLT_0676,Verdanta minima,38.3,30,Blue,42.26,140.6,43.4
PLT_0677,Verdanta minima,33.3,8,Blue,27.19,154.8,12.6
PLT_0678,Herba variabilis,76.3,38,Red,29.19,151.6,13.8
PLT_0679,Plantus delicata,64.0,22,Blue,21.45,201.7,22.2
PLT_0680,Plantus delicata,69.1,44,Red,22.79,165.0,16.8
PLT_0681,Verdanta minima,60.8,39,Blue,32.9,146.0,27.2
PLT_0682,Plantus robusta,33.1,45,White,26.69,128.8,21.7
PLT_0683,Plantus robusta,42.1,33,Yellow,40.89,158.0,27.8
PLT_0684,Plantus robusta,57.3,33,Purple,20.37,122.8,35.2
PLT_0685,Plantus robusta,31.7,42,White,29.48,155.4,14.4
PLT_0686,Flora maxima,60.7,46,Red,28.43,164.6,35.0
PLT_0687,Flora maxima,46.4,25,Purple,20.48,143.5,17.7
PLT_0688,Plantus delicata,44.4,46,Yellow,23.11,131.1,46.5
PLT_0689,Plantus delicata,60.7,17,White,30.34,84.4,41.2
PLT_0690,Verdanta minima,56.7,45,Yellow,32.32,184.3,23.9
PLT_0691,Verdanta minima,44.6,21,Purple,30.11,162.1,15.4
PLT_0692,Flora maxima,67.4,13,White,33.27,162.8,13.5
PLT_0693,Verdanta minima,33.8,45,Red,34.88,103.2,33.7
PLT_0694,Herba variabilis,59.2,5,Blue,20.25,191.4,24.7
PLT_0695,Verdanta minima,58.9,6,Blue,31.6,136.0,34.3
PLT_0696,Verdanta minima,45.4,33,Red,44.09,141.3,47.0
PLT_0697,Verdanta minima,54.9,37,Red,32.98,117.9,17.3
PLT_0698,Herba variabilis,31.2,14,Yellow,36.94,96.4,12.7
PLT_0699,Flora maxima,63.9,44,Blue,27.8,184.7,26.9
PLT_0700,Flora maxima,47.2,25,Blue,39.35,188.6,36.4
PLT_0701,Verdanta minima,42.2,32,White,39.32,145.0,15.6
PLT_0702,Herba variabilis,65.7,15,Blue,33.03,129.6,25.3
PLT_0703,Herba variabilis,39.4,38,Yellow,44.4,138.7,38.7
PLT_0704,Plantus robusta,28.9,12,White,23.14,139.5,8.7
PLT_0705,Plantus robusta,26.7,26,Red,20.42,114.0,27.4
PLT_0706,Plantus delicata,59.1,12,Purple,39.25,141.2,19.6
PLT_0707,Verdanta minima,30.8,19,White,40.18,154.6,26.2
PLT_0708,Flora maxima,76.3,21,Yellow,23.01,180.5,32.1
PLT_0709,Plantus delicata,18.8,27,Yellow,26.64,150.4,27.2
PLT_0710,Plantus robusta,75.4,28,Purple,20.44,102.7,14.9
PLT_0711,Verdanta minima,53.2,49,Blue,27.33,160.6,20.0
PLT_0712,Verdanta minima,48.5,23,White,39.33,142.3,39.3
PLT_0713,Herba variabilis,41.8,9,Yellow,32.95,191.1,28.3
PLT_0714,Flora maxima,56.0,36,Purple,28.7,192.9,33.4
PLT_0715,Flora maxima,49.4,48,Yellow,29.29,193.9,27.5
PLT_0716,Plantus robusta,66.5,5,White,20.03,133.2,33.1
PLT_0717,Plantus robusta,51.7,27,Purple,27.5,209.7,21.0
PLT_0718,Flora maxima,52.3,41,Blue,36.16,160.5,17.3
PLT_0719,Plantus delicata,44.5,12,White,44.35,198.8,32.6
PLT_0720,Plantus delicata,49.1,17,White,41.18,134.9,36.3
PLT_0721,Plantus robusta,54.6,12,White,20.59,141.0,15.9
PLT_0722,Herba variabilis,24.3,27,Red,42.46,158.2,19.2
PLT_0723,Herba variabilis,29.8,47,Blue,39.58,154.6,23.4
PLT_0724,Flora maxima,61.1,5,Purple,39.51,187.6,41.2
PLT_0725,Herba variabilis,52.6,49,White,31.45,143.0,30.6
PLT_0726,Herba variabilis,47.2,28,White,29.95,184.9,11.8
PLT_0727,Verdanta minima,50.3,39,Blue,27.57,172.0,24.1
PLT_0728,Plantus delicata,55.2,28,White,21.64,143.6,22.5
PLT_0729,Plantus robusta,41.9,21,Blue,25.71,169.6,13.3
PLT_0730,Verdanta minima,38.3,9,Red,26.17,135.8,24.0
PLT_0731,Flora maxima,52.9,24,White,32.1,220.5,22.1
PLT_0732,Verdanta minima,35.3,25,White,38.69,70.1,21.4
PLT_0733,Herba variabilis,56.1,44,Purple,31.85,170.2,20.9
PLT_0734,Plantus robusta,24.5,35,Red,21.45,97.1,39.7
PLT_0735,Flora maxima,65.4,40,White,43.94,143.2,21.4
PLT_0736,Verdanta minima,57.1,15,Red,43.57,147.4,25.5
PLT_0737,Flora maxima,53.8,19,Purple,39.63,195.2,24.4
PLT_0738,Plantus robusta,64.7,23,Red,44.78,129.2,19.9
PLT_0739,Plantus delicata,75.0,11,Red,33.61,189.2,25.8
PLT_0740,Plantus delicata,65.2,32,Yellow,44.07,114.6,25.7
PLT_0741,Verdanta minima,22.4,47,Red,21.89,190.4,25.8
PLT_0742,Herba variabilis,30.8,9,White,29.14,135.8,16.4
PLT_0743,Plantus delicata,40.6,9,Blue,25.63,152.2,22.9
PLT_0744,Verdanta minima,50.4,34,White,24.9,139.9,32.6
PLT_0745,Plantus delicata,57.8,36,Purple,23.52,188.5,23.2
PLT_0746,Herba variabilis,39.1,12,Purple,35.56,182.6,26.6
PLT_0747,Herba variabilis,52.8,14,White,39.53,163.3,26.7
PLT_0748,Flora maxima,38.7,42,Red,34.46,115.4,29.2
PLT_0749,Flora maxima,40.8,36,Red,23.67,128.5,30.6
PLT_0750,Plantus delicata,28.9,32,Yellow,40.28,119.1,23.3
PLT_0751,Plantus delicata,36.2,21,Yellow,35.9,82.6,15.9
PLT_0752,Herba variabilis,29.7,35,White,29.7,187.8,12.8
PLT_0753,Flora maxima,35.4,12,Blue,36.85,140.2,35.2
PLT_0754,Flora maxima,65.8,44,Yellow,26.5,139.8,32.7
PLT_0755,Herba variabilis,35.8,29,Red,28.63,194.9,31.5
PLT_0756,Verdanta minima,89.5,13,Purple,42.94,135.7,33.1
PLT_0757,Flora maxima,57.4,6,Yellow,27.26,124.8,23.4
PLT_0758,Flora maxima,52.8,19,Yellow,31.75,143.3,18.8
PLT_0759,Plantus robusta,37.1,7,White,42.25,116.0,15.2
PLT_0760,Plantus delicata,60.5,40,White,37.69,160.3,14.1
PLT_0761,Verdanta minima,41.4,8,White,21.56,138.8,37.1
PLT_0762,Verdanta minima,51.8,18,White,23.68,134.8,20.1
PLT_0763,Verdanta minima,88.4,45,White,20.2,132.2,35.5
PLT_0764,Plantus delicata,48.6,45,Red,35.77,146.8,23.1
PLT_0765,Flora maxima,67.2,29,Yellow,31.19,152.5,18.2
PLT_0766,Herba variabilis,39.5,14,Blue,23.36,134.4,14.1
PLT_0767,Flora maxima,49.5,25,Yellow,43.95,139.2,19.1
PLT_0768,Verdanta minima,76.6,40,Purple,33.24,147.6,39.2
PLT_0769,Plantus robusta,40.6,16,Yellow,26.05,144.5,14.2
PLT_0770,Herba variabilis,77.2,31,Yellow,32.52,150.9,46.2
PLT_0771,Verdanta minima,60.6,44,Yellow,36.99,129.7,16.6
PLT_0772,Plantus delicata,41.6,6,White,21.91,180.1,32.5
PLT_0773,Plantus robusta,59.5,17,Yellow,26.87,152.9,23.5
PLT_0774,Flora maxima,64.6,36,Yellow,40.17,134.9,21.8
PLT_0775,Flora maxima,59.3,35,Purple,31.49,160.3,12.3
PLT_0776,Plantus robusta,26.4,20,White,33.66,147.8,24.0
PLT_0777,Herba variabilis,39.1,36,Yellow,30.82,98.0,13.4
PLT_0778,Herba variabilis,46.3,36,Red,21.1,160.2,8.2
PLT_0779,Flora maxima,48.9,38,White,24.14,119.4,26.2
PLT_0780,Plantus robusta,59.3,15,Yellow,31.14,178.0,18.6
PLT_0781,Herba variabilis,52.7,14,Purple,25.23,142.7,41.8
PLT_0782,Flora maxima,30.0,19,Purple,21.25,173.4,35.0
PLT_0783,Verdanta minima,55.7,21,Purple,41.09,131.1,42.0
PLT_0784,Flora maxima,59.2,44,Purple,44.53,152.1,18.2
PLT_0785,Plantus delicata,58.4,22,Yellow,39.83,186.3,26.4
PLT_0786,Herba variabilis,66.2,13,Yellow,41.34,141.9,-1.2
PLT_0787,Herba variabilis,62.5,29,White,26.05,132.3,22.2
PLT_0788,Plantus delicata,56.9,44,Yellow,44.02,169.7,26.0
PLT_0789,Flora maxima,48.9,18,Blue,24.92,169.1,26.5
PLT_0790,Plantus delicata,25.1,29,Yellow,43.79,133.5,24.6
PLT_0791,Herba variabilis,56.4,26,Blue,44.87,90.4,25.7
PLT_0792,Flora maxima,53.1,34,Yellow,37.79,131.7,-2.1
PLT_0793,Herba variabilis,54.1,24,Blue,44.53,170.3,27.6
PLT_0794,Herba variabilis,30.8,25,Purple,34.24,126.7,29.8
PLT_0795,Plantus delicata,33.8,48,White,26.49,149.7,38.4
PLT_0796,Verdanta minima,65.8,36,Red,30.92,130.3,28.7
PLT_0797,Flora maxima,49.4,25,White,34.84,92.0,23.7
PLT_0798,Herba variabilis,60.2,39,Blue,21.83,129.7,36.0
PLT_0799,Flora maxima,50.4,36,Yellow,35.56,170.2,1.4
PLT_0800,Herba variabilis,50.4,34,White,44.53,78.9,19.9
PLT_0801,Plantus delicata,64.1,43,Blue,24.75,157.6,17.3
PLT_0802,Plantus delicata,42.3,16,White,39.81,114.4,24.7
PLT_0803,Flora maxima,51.4,45,Red,42.7,168.3,3.0
PLT_0804,Herba variabilis,43.1,22,Blue,43.59,171.4,38.2
PLT_0805,Flora maxima,43.5,25,White,44.0,144.8,22.5
PLT_0806,Plantus robusta,45.4,17,Red,33.04,144.9,28.2
PLT_0807,Flora maxima,53.3,25,White,44.43,125.8,27.2
PLT_0808,Plantus delicata,42.8,12,Red,38.93,109.6,37.6
PLT_0809,Flora maxima,68.8,44,Blue,24.04,200.9,6.4
PLT_0810,Flora maxima,36.6,11,Purple,31.92,124.0,26.1
PLT_0811,Flora maxima,47.2,27,Blue,37.96,197.0,36.5
PLT_0812,Plantus delicata,43.4,48,Purple,26.18,124.2,24.0
PLT_0813,Plantus robusta,71.7,36,Purple,36.02,165.8,15.5
PLT_0814,Verdanta minima,52.9,15,Blue,36.67,115.9,19.0
PLT_0815,Flora maxima,65.5,26,Red,24.07,165.7,21.1
PLT_0816,Plantus delicata,27.7,26,Purple,34.13,140.2,17.8
PLT_0817,Verdanta minima,54.0,47,Yellow,39.29,140.6,23.5
PLT_0818,Plantus robusta,63.3,29,White,32.47,168.3,40.1
PLT_0819,Verdanta minima,51.2,26,Purple,20.3,135.9,19.0
PLT_0820,Verdanta minima,66.0,32,Red,20.23,107.2,20.1
PLT_0821,Herba variabilis,42.2,33,Blue,28.93,172.8,29.6
PLT_0822,Plantus delicata,71.1,17,Blue,43.15,115.6,23.3
PLT_0823,Verdanta minima,84.5,22,White,25.72,165.5,11.7
PLT_0824,Herba variabilis,44.6,6,Purple,35.86,179.2,24.4
PLT_0825,Herba variabilis,43.3,33,Purple,25.55,138.7,24.0
PLT_0826,Flora maxima,71.8,25,Red,28.04,185.5,34.8
PLT_0827,Plantus robusta,73.7,19,Purple,41.2,164.5,15.3
PLT_0828,Flora maxima,42.2,31,Red,38.22,129.1,34.8
PLT_0829,Flora maxima,43.7,35,Purple,22.38,192.0,24.0
PLT_0830,Herba variabilis,45.8,19,Purple,30.72,115.7,13.9
PLT_0831,Herba variabilis,29.8,27,Yellow,20.73,138.7,11.9
PLT_0832,Flora maxima,36.2,28,Blue,32.02,143.8,44.3
PLT_0833,Flora maxima,34.9,48,Purple,36.56,168.2,23.4
PLT_0834,Flora maxima,38.5,17,Purple,22.96,183.5,34.4
PLT_0835,Verdanta minima,49.5,26,Purple,27.22,181.6,7.9
PLT_0836,Flora maxima,53.5,47,Purple,29.95,156.7,51.4
PLT_0837,Verdanta minima,73.3,41,Red,42.99,141.6,33.9
PLT_0838,Plantus robusta,35.0,37,Blue,44.83,95.2,22.4
PLT_0839,Flora maxima,64.8,7,Red,21.12,110.6,21.9
PLT_0840,Herba variabilis,46.8,23,Purple,39.03,203.0,32.3
PLT_0841,Plantus delicata,49.3,27,Yellow,29.29,94.9,31.8
PLT_0842,Verdanta minima,60.1,33,Purple,29.81,126.5,26.8
PLT_0843,Verdanta minima,33.2,34,Blue,38.86,184.3,25.1
PLT_0844,Herba variabilis,55.7,43,Blue,42.96,156.3,30.6
PLT_0845,Herba variabilis,52.5,48,Purple,43.77,177.8,7.6
PLT_0846,Herba variabilis,57.4,29,Purple,34.43,166.3,21.3
PLT_0847,Plantus delicata,54.3,41,Blue,28.93,194.1,8.5
PLT_0848,Plantus delicata,86.8,12,Red,39.69,158.9,31.0
PLT_0849,Verdanta minima,40.4,46,Red,26.28,169.9,18.2
PLT_0850,Verdanta minima,42.0,20,Red,34.1,128.3,9.3
PLT_0851,Herba variabilis,40.7,12,Blue,28.96,167.6,17.1
PLT_0852,Plantus robusta,41.7,5,Yellow,36.42,138.1,26.5
PLT_0853,Plantus robusta,40.4,48,Red,26.01,136.4,22.9
PLT_0854,Verdanta minima,67.8,9,White,24.79,176.8,13.3
PLT_0855,Herba variabilis,71.3,7,White,42.96,177.0,8.0
PLT_0856,Herba variabilis,41.4,5,Blue,22.55,200.7,25.7
PLT_0857,Verdanta minima,37.5,8,White,32.65,198.7,19.2
PLT_0858,Flora maxima,57.1,44,Red,25.52,177.5,22.4
PLT_0859,Plantus robusta,41.7,39,Purple,20.97,98.4,23.4
PLT_0860,Verdanta minima,59.5,36,Purple,20.9,204.8,29.3
PLT_0861,Herba variabilis,53.0,46,Purple,24.38,177.5,33.5
PLT_0862,Flora maxima,27.3,38,Blue,41.67,127.0,26.5
PLT_0863,Verdanta minima,73.2,47,Red,27.06,171.9,21.8
PLT_0864,Herba variabilis,76.9,29,White,43.76,118.9,25.2
PLT_0865,Plantus robusta,40.8,14,Red,34.54,168.6,21.6
PLT_0866,Verdanta minima,44.2,25,Red,30.92,110.5,8.6
PLT_0867,Plantus delicata,54.3,43,Yellow,34.5,125.8,35.9
PLT_0868,Plantus delicata,55.0,31,Yellow,32.92,171.3,34.0
PLT_0869,Plantus robusta,59.9,31,Yellow,38.97,182.2,44.9
PLT_0870,Flora maxima,80.2,6,Yellow,27.06,159.8,47.8
PLT_0871,Flora maxima,47.3,45,White,28.83,141.4,13.2
PLT_0872,Verdanta minima,38.0,17,Purple,42.35,86.6,21.6
PLT_0873,Plantus robusta,29.3,13,Yellow,43.66,143.7,50.1
PLT_0874,Plantus robusta,39.0,40,White,42.31,166.0,24.6
PLT_0875,Herba variabilis,49.5,26,Red,30.49,140.5,27.4
PLT_0876,Verdanta minima,76.9,46,White,39.51,149.3,9.8
PLT_0877,Plantus delicata,42.2,30,White,31.91,144.4,26.5
PLT_0878,Herba variabilis,53.4,16,Red,32.44,140.3,44.3
PLT_0879,Plantus robusta,49.8,21,Red,25.12,152.3,37.9
PLT_0880,Flora maxima,67.8,18,Yellow,34.78,141.8,18.9
PLT_0881,Plantus delicata,87.9,18,Blue,24.65,193.3,21.0
PLT_0882,Plantus delicata,42.0,38,Blue,28.29,83.8,13.7
PLT_0883,Plantus robusta,42.7,24,Purple,41.38,133.6,16.5
PLT_0884,Herba variabilis,65.7,15,White,25.18,123.9,5.9
PLT_0885,Herba variabilis,60.2,20,Yellow,21.78,156.6,24.2
PLT_0886,Verdanta minima,77.7,35,Red,21.73,152.3,40.1
PLT_0887,Plantus robusta,58.8,10,Purple,43.52,198.7,28.6
PLT_0888,Flora maxima,44.6,23,Yellow,32.67,208.5,38.7
PLT_0889,Plantus delicata,58.9,41,White,30.24,126.8,35.7
PLT_0890,Flora maxima,66.6,8,Yellow,40.27,150.0,19.5
PLT_0891,Verdanta minima,62.3,8,Red,40.9,155.9,17.4
PLT_0892,Flora maxima,57.6,24,Red,28.3,126.1,17.8
PLT_0893,Plantus delicata,66.0,14,White,37.34,168.9,7.8
PLT_0894,Herba variabilis,67.5,28,White,39.28,142.8,25.3
PLT_0895,Plantus robusta,70.7,39,Blue,36.37,118.0,-4.0
PLT_0896,Plantus delicata,59.7,30,Blue,23.79,141.6,30.9
PLT_0897,Flora maxima,47.5,41,Blue,41.9,120.1,25.7
PLT_0898,Plantus delicata,52.2,42,Blue,33.48,181.1,29.7
PLT_0899,Flora maxima,68.1,25,White,27.06,207.0,35.6
PLT_0900,Flora maxima,37.7,44,Yellow,30.63,157.3,27.0
PLT_0901,Herba variabilis,55.5,43,Yellow,20.94,153.3,41.3
PLT_0902,Plantus delicata,44.1,25,White,23.2,154.6,31.2
PLT_0903,Herba variabilis,50.4,14,Purple,39.14,185.5,17.4
PLT_0904,Verdanta minima,69.2,42,Red,20.0,184.8,22.6
PLT_0905,Plantus delicata,52.9,8,Blue,30.41,146.5,2.4
PLT_0906,Flora maxima,50.7,49,White,33.06,157.6,16.0
PLT_0907,Verdanta minima,29.6,24,Red,21.37,169.6,21.2
PLT_0908,Verdanta minima,61.2,21,Blue,44.33,115.9,30.5
PLT_0909,Plantus robusta,59.7,11,Red,25.65,186.4,17.5
PLT_0910,Verdanta minima,82.4,8,Blue,27.6,202.0,12.5
PLT_0911,Flora maxima,45.4,33,Blue,27.6,185.0,6.1
PLT_0912,Herba variabilis,53.3,18,Blue,25.76,112.6,19.0
PLT_0913,Plantus delicata,53.7,7,Red,20.04,90.9,44.5
PLT_0914,Verdanta minima,73.7,28,Yellow,38.23,171.3,27.7
PLT_0915,Verdanta minima,48.6,41,Blue,44.17,127.2,34.4
PLT_0916,Plantus delicata,54.2,20,Red,25.61,158.6,16.0
PLT_0917,Verdanta minima,59.1,8,Yellow,36.58,196.1,9.3
PLT_0918,Verdanta minima,52.8,28,Blue,38.55,130.3,12.8
PLT_0919,Verdanta minima,43.3,38,Red,41.21,138.7,24.0
PLT_0920,Verdanta minima,52.9,34,Blue,30.57,158.3,5.1
PLT_0921,Verdanta minima,66.1,22,Purple,27.57,111.1,14.9
PLT_0922,Herba variabilis,34.6,23,Blue,28.13,127.3,19.1
PLT_0923,Verdanta minima,52.0,35,Blue,37.82,150.7,11.8
PLT_0924,Herba variabilis,39.5,23,Blue,40.42,141.0,3.8
PLT_0925,Verdanta minima,67.9,23,Red,24.54,168.3,27.9
PLT_0926,Plantus delicata,27.2,26,Blue,29.27,233.0,25.5
PLT_0927,Flora maxima,41.6,28,Purple,42.55,153.0,32.8
PLT_0928,Flora maxima,55.7,49,White,40.17,124.7,13.9
PLT_0929,Verdanta minima,73.5,16,Yellow,44.62,192.5,32.6
PLT_0930,Plantus robusta,49.0,34,Purple,38.86,102.3,40.3
PLT_0931,Plantus delicata,41.7,42,White,29.83,108.3,27.6
PLT_0932,Verdanta minima,78.2,35,Blue,34.77,132.1,18.9
PLT_0933,Plantus robusta,28.3,40,Red,36.53,141.5,26.5
PLT_0934,Plantus robusta,17.0,23,Yellow,21.96,131.4,18.4
PLT_0935,Flora maxima,56.6,49,Red,33.61,149.1,16.8
PLT_0936,Herba variabilis,42.5,40,Purple,37.73,158.2,31.8
PLT_0937,Flora maxima,34.7,34,Purple,24.18,182.1,23.6
PLT_0938,Herba variabilis,60.6,37,Red,39.52,152.7,37.1
PLT_0939,Herba variabilis,53.7,22,Purple,34.59,133.1,20.6
PLT_0940,Plantus delicata,41.5,32,Red,43.81,180.4,21.6
PLT_0941,Herba variabilis,30.8,15,Blue,21.06,125.5,19.3
PLT_0942,Flora maxima,63.1,49,White,26.63,101.0,13.8
PLT_0943,Herba variabilis,59.8,37,White,35.04,186.2,33.1
PLT_0944,Verdanta minima,48.5,21,Purple,27.41,184.3,46.9
PLT_0945,Plantus delicata,77.7,10,White,37.86,126.2,21.2
PLT_0946,Plantus robusta,33.9,8,Blue,38.98,138.0,18.2
PLT_0947,Herba variabilis,27.1,24,Purple,22.56,122.5,17.5
PLT_0948,Plantus robusta,39.6,31,Yellow,32.85,159.8,18.2
PLT_0949,Herba variabilis,49.3,19,Purple,32.72,202.0,41.5
PLT_0950,Herba variabilis,53.7,10,Purple,29.23,171.1,17.8
PLT_0951,Verdanta minima,46.4,18,Yellow,43.32,181.1,19.1
PLT_0952,Herba variabilis,55.3,15,White,40.69,174.6,12.6
PLT_0953,Herba variabilis,31.2,43,White,37.43,150.0,27.9
PLT_0954,Herba variabilis,71.7,13,Blue,37.86,182.5,24.3
PLT_0955,Plantus delicata,48.8,30,White,31.54,172.4,13.6
PLT_0956,Verdanta minima,66.8,20,Yellow,43.02,193.2,16.1
PLT_0957,Plantus robusta,55.1,9,Red,37.36,136.2,40.3
PLT_0958,Flora maxima,56.9,14,Blue,38.22,97.9,25.3
PLT_0959,Flora maxima,58.5,7,Blue,41.54,181.4,26.0
PLT_0960,Verdanta minima,56.7,17,White,26.85,160.5,26.1
PLT_0961,Verdanta minima,59.6,47,Yellow,40.18,141.1,38.9
PLT_0962,Flora maxima,69.9,34,Red,24.88,142.8,14.5
PLT_0963,Herba variabilis,52.9,49,Red,28.63,226.6,21.0
PLT_0964,Herba variabilis,60.6,10,Yellow,28.39,130.7,23.3
PLT_0965,Plantus robusta,48.7,21,White,44.46,124.4,7.8
PLT_0966,Plantus delicata,71.6,49,Blue,41.41,152.6,15.8
PLT_0967,Plantus robusta,39.9,23,Blue,37.53,185.4,35.5
PLT_0968,Herba variabilis,77.0,46,Purple,38.18,218.4,32.6
PLT_0969,Flora maxima,49.4,39,Yellow,34.05,169.7,34.4
PLT_0970,Herba variabilis,28.5,30,Yellow,43.68,111.9,19.1
PLT_0971,Plantus delicata,51.9,9,Yellow,32.41,209.1,20.3
PLT_0972,Plantus robusta,39.8,33,Purple,29.51,149.4,7.1
PLT_0973,Herba variabilis,62.6,41,White,24.08,124.9,34.3
PLT_0974,Herba variabilis,40.2,24,Red,39.66,117.6,36.0
PLT_0975,Plantus delicata,43.3,25,Purple,38.36,175.1,35.8
PLT_0976,Flora maxima,21.7,14,Blue,29.61,157.2,41.0
PLT_0977,Plantus robusta,43.2,9,White,20.63,160.4,29.2
PLT_0978,Herba variabilis,13.6,40,Purple,40.97,188.6,40.6
PLT_0979,Plantus delicata,26.2,10,Red,20.29,125.9,23.0
PLT_0980,Flora maxima,61.4,30,Yellow,37.59,191.0,7.3
PLT_0981,Plantus robusta,61.8,8,Red,44.26,134.4,33.6
PLT_0982,Herba variabilis,56.4,43,Red,30.94,214.9,7.0
PLT_0983,Plantus robusta,35.5,43,Blue,25.87,168.0,26.7
PLT_0984,Flora maxima,49.3,39,White,37.62,122.4,34.6
PLT_0985,Verdanta minima,49.9,5,Red,40.43,89.2,28.2
PLT_0986,Verdanta minima,32.6,28,White,33.66,174.3,47.8
PLT_0987,Herba variabilis,72.6,40,Blue,44.18,138.8,5.3
PLT_0988,Flora maxima,63.2,10,Yellow,21.29,145.3,24.2
PLT_0989,Verdanta minima,46.7,45,Yellow,32.62,173.0,25.2
PLT_0990,Plantus robusta,50.4,48,Purple,37.96,180.3,11.6
PLT_0991,Flora maxima,53.1,35,Red,41.57,186.7,13.5
PLT_0992,Plantus robusta,19.4,24,Blue,24.48,114.8,16.5
PLT_0993,Flora maxima,46.3,28,Yellow,40.0,192.8,14.0
PLT_0994,Flora maxima,39.8,29,Purple,33.82,132.6,23.9
PLT_0995,Herba variabilis,35.0,40,White,29.91,82.3,19.0
PLT_0996,Plantus robusta,45.8,25,Yellow,23.29,114.6,28.2
PLT_0997,Plantus delicata,77.0,34,Blue,41.63,156.5,31.5
PLT_0998,Flora maxima,59.6,28,White,23.93,120.6,30.8
PLT_0999,Herba variabilis,41.4,48,Yellow,27.74,147.4,20.9
PLT_1000,Herba variabilis,58.6,46,Yellow,27.25,160.1,27.8
